,time,value
0,0,540
1,0.2525973320007324,540.0
2,0.28249669075012207,540.0
3,1.3857507705688477,540.0
4,0.8937489986419678,541.0
5,0.9620974063873291,575.0
6,1.0062780380249023,594.0
7,1.0571889877319336,609.0
8,1.104233741760254,614.0
9,1.1515774726867676,614.0
10,1.20133638381958,612.0
11,1.2501893043518066,608.0
12,1.3031036853790283,600.0
13,1.3525643348693848,591.0
14,1.4075849056243896,560.0
15,1.4642930030822754,528.0
16,1.5188734531402588,504.0
17,1.5696353912353516,490.0
18,1.6245272159576416,468.0
19,1.684602975845337,431.0
20,1.743455171585083,406.0
21,1.785456895828247,400.0
22,1.8442747592926025,395.0
23,1.8861417770385742,391.0
24,1.9342174530029297,390.0
25,1.9836599826812744,389.0
26,2.0550878047943115,389.0
27,2.0915729999542236,389.0
28,2.139925003051758,389.0
29,2.1877145767211914,389.0
30,2.2338521480560303,389.0
31,2.283024549484253,389.0
32,2.3393564224243164,400.0
33,2.393794059753418,423.0
34,2.4404895305633545,442.0
35,2.4901673793792725,456.0
36,2.5513179302215576,487.0
37,2.606992483139038,521.0
38,2.660405158996582,541.0
39,2.704977512359619,543.0
40,2.7554094791412354,529.0
41,2.8206264972686768,498.0
42,2.8674848079681396,491.0
43,2.9229652881622314,494.0
44,2.968848466873169,507.0
45,3.018024206161499,514.0
46,3.0781590938568115,500.0
47,3.1330959796905518,459.0
48,3.194420337677002,450.0
49,3.2399673461914062,467.0
50,3.2999584674835205,515.0
51,3.353935480117798,561.0
52,3.4087088108062744,601.0
53,3.467618465423584,629.0
54,3.518710136413574,649.0
55,3.568817377090454,657.0
56,3.614871025085449,657.0
57,3.66442608833313,651.0
58,3.7251381874084473,591.0
59,3.8077664375305176,488.0
60,3.8646113872528076,426.0
61,3.9216582775115967,382.0
62,3.9677181243896484,364.0
63,4.01271915435791,362.0
64,4.068246364593506,362.0
65,4.117932319641113,362.0
66,4.172516822814941,368.0
67,4.2302985191345215,406.0
68,4.293572425842285,448.0
69,4.346803426742554,487.0
70,4.40225076675415,515.0
71,4.460092306137085,542.0
72,4.532904386520386,551.0
73,4.592267036437988,550.0
74,4.651904821395874,531.0
75,4.702962636947632,519.0
76,4.755470275878906,518.0
77,4.8152923583984375,518.0
78,4.89336371421814,518.0
79,4.924418926239014,518.0
80,4.9696946144104,518.0
81,5.022841215133667,518.0
82,5.0727996826171875,518.0
83,5.120920419692993,518.0
84,5.163629531860352,518.0
85,5.214067220687866,518.0
86,5.264444351196289,518.0
87,5.311445474624634,518.0
88,5.359224796295166,518.0
89,5.409775972366333,518.0
90,5.455132246017456,518.0
91,5.50427508354187,518.0
92,5.552422046661377,518.0
93,5.600599050521851,518.0
94,5.650806903839111,518.0
95,5.699944257736206,518.0
96,5.75461483001709,518.0
97,5.80084490776062,518.0
98,5.865443468093872,534.0
99,5.93220853805542,587.0
100,5.9792845249176025,606.0
101,6.02594518661499,618.0
102,6.078428268432617,626.0
103,6.128281354904175,632.0
104,6.172056198120117,632.0
105,6.219538688659668,632.0
106,6.270543575286865,632.0
107,6.325388431549072,632.0
108,6.369577646255493,632.0
109,6.419373273849487,632.0
110,6.46474289894104,632.0
111,6.5131425857543945,632.0
112,6.563946485519409,632.0
113,6.610521078109741,632.0
114,6.6628944873809814,632.0
115,6.709895372390747,632.0
116,6.7755022048950195,632.0
117,6.8153159618377686,632.0
118,6.924603700637817,632.0
119,6.959439992904663,632.0
120,7.006569147109985,632.0
121,7.055070877075195,632.0
122,7.101020097732544,632.0
123,7.151215553283691,632.0
124,7.202389717102051,632.0
125,7.244235515594482,632.0
126,7.294428110122681,632.0
127,7.342525482177734,632.0
128,7.406946182250977,632.0
129,7.454893112182617,632.0
130,7.501466751098633,632.0
131,7.548333644866943,632.0
132,7.59856915473938,632.0
133,7.645594358444214,632.0
134,7.700749635696411,629.0
135,7.756840944290161,608.0
136,7.809079885482788,593.0
137,7.85931921005249,578.0
138,7.9173009395599365,545.0
139,7.970912218093872,527.0
140,8.02379584312439,510.0
141,8.073597192764282,496.0
142,8.132214069366455,488.0
143,8.173702716827393,487.0
144,8.225233316421509,483.0
145,8.278868436813354,480.0
146,8.3253173828125,476.0
147,8.375577926635742,474.0
148,8.421392440795898,472.0
149,8.467917919158936,468.0
150,8.516597747802734,466.0
151,8.563308954238892,466.0
152,8.61238431930542,464.0
153,8.65859580039978,464.0
154,8.715192079544067,467.0
155,8.765180587768555,476.0
156,8.81239652633667,481.0
157,8.867980003356934,498.0
158,8.91450572013855,510.0
159,8.966895580291748,518.0
160,9.019715070724487,528.0
161,9.070019245147705,542.0
162,9.120812177658081,557.0
163,9.172832250595093,570.0
164,9.219702959060669,572.0
165,9.269926071166992,572.0
166,9.316445112228394,572.0
167,9.36469054222107,572.0
168,9.413598775863647,572.0
169,9.463582992553711,572.0
170,9.514687061309814,572.0
171,9.563180446624756,572.0
172,9.616281747817993,572.0
173,9.659245729446411,572.0
174,9.708438634872437,572.0
175,9.798607587814331,572.0
176,9.825186967849731,572.0
177,9.873886108398438,572.0
178,9.922186613082886,572.0
179,9.973718643188477,571.0
180,10.047399520874023,552.0
181,10.095805406570435,539.0
182,10.144931316375732,538.0
183,10.189030647277832,537.0
184,10.238033533096313,537.0
185,10.285757064819336,537.0
186,10.33401107788086,537.0
187,10.383978128433228,537.0
188,10.429511785507202,537.0
189,10.481287002563477,537.0
190,10.537784099578857,537.0
191,10.579570055007935,537.0
192,10.628603458404541,537.0
193,10.674875974655151,537.0
194,10.731413841247559,537.0
195,10.813356161117554,557.0
196,10.857774019241333,579.0
197,10.901829957962036,585.0
198,10.948493480682373,585.0
199,10.996775150299072,585.0
200,11.04952335357666,585.0
201,11.095463037490845,585.0
202,11.150967359542847,585.0
203,11.107082605361938,585.0
204,11.203402996063232,585.0
205,11.249438762664795,585.0
206,11.315500020980835,585.0
207,11.356921434402466,585.0
208,11.402002334594727,585.0
209,11.449377536773682,585.0
210,11.497294902801514,585.0
211,11.548031568527222,585.0
212,11.595233678817749,585.0
213,11.645237445831299,585.0
214,11.697882175445557,585.0
215,11.74353575706482,585.0
216,11.795729160308838,585.0
217,11.843884229660034,585.0
218,11.889213562011719,585.0
219,11.9369478225708,585.0
220,11.988767623901367,582.0
221,12.039735555648804,567.0
222,12.095670223236084,541.0
223,12.1515212059021,516.0
224,12.207827806472778,494.0
225,12.255500078201294,481.0
226,12.30769658088684,462.0
227,12.359629392623901,443.0
228,12.40945053100586,420.0
229,12.463886976242065,404.0
230,12.516956329345703,384.0
231,12.57580852508545,368.0
232,12.62566065788269,357.0
233,12.694818496704102,354.0
234,12.739641904830933,357.0
235,12.794575929641724,371.0
236,12.846367835998535,386.0
237,12.90123200416565,409.0
238,12.957070112228394,430.0
239,13.007939100265503,449.0
240,13.057974576950073,465.0
241,13.12421202659607,477.0
242,13.187215805053711,493.0
243,13.227470397949219,503.0
244,13.286525011062622,515.0
245,13.339702129364014,519.0
246,13.393784523010254,519.0
247,13.435957431793213,519.0
248,13.493393182754517,519.0
249,13.546741008758545,527.0
250,13.611538887023926,554.0
251,13.673877477645874,580.0
252,13.726546049118042,597.0
253,13.77958083152771,602.0
254,13.846443891525269,602.0
255,13.893274545669556,602.0
256,13.947554111480713,609.0
257,14.00918984413147,615.0
258,14.061059951782227,618.0
259,14.115373611450195,622.0
260,14.17432975769043,624.0
261,14.245640754699707,629.0
262,14.302430629730225,635.0
263,14.354575872421265,637.0
264,14.405601501464844,634.0
265,14.45368504524231,630.0
266,14.506601810455322,613.0
267,14.571175813674927,548.0
268,14.636961698532104,406.0
269,14.683767795562744,385.0
270,14.741063833236694,384.0
271,14.796894311904907,398.0
272,14.864772319793701,454.0
273,14.924564361572266,519.0
274,14.979429721832275,576.0
275,15.028339385986328,607.0
276,15.07698106765747,625.0
277,15.130348682403564,639.0
278,15.193859338760376,648.0
279,15.243710041046143,638.0
280,15.297617435455322,607.0
281,15.363377571105957,575.0
282,15.40927767753601,551.0
283,15.45856261253357,538.0
284,15.505852222442627,537.0
285,15.55862808227539,537.0
286,15.615494966506958,554.0
287,15.67773985862732,589.0
288,15.733797073364258,613.0
289,15.786694288253784,628.0
290,15.848255634307861,634.0
291,15.89968752861023,632.0
292,15.950581073760986,622.0
293,16.00396990776062,600.0
294,16.063679218292236,567.0
295,16.116966485977173,530.0
296,16.171814441680908,501.0
297,16.250602960586548,467.0
298,16.30955672264099,427.0
299,16.364353895187378,410.0
300,16.413224697113037,396.0
301,16.46508502960205,382.0
302,16.512571334838867,378.0
303,16.56525182723999,378.0
304,16.622087478637695,378.0
305,16.66618299484253,378.0
306,16.713236331939697,378.0
307,16.765577793121338,378.0
308,16.812419891357422,378.0
309,16.86256217956543,378.0
310,16.91159224510193,378.0
311,16.960743188858032,378.0
312,17.0213143825531,378.0
313,17.069363594055176,378.0
314,17.12629008293152,397.0
315,17.17863178253174,432.0
316,17.22385859489441,432.0
317,17.283035278320312,432.0
318,17.327861547470093,432.0
319,17.37551522254944,432.0
320,17.462910890579224,432.0
321,17.508953094482422,432.0
322,17.571903944015503,432.0
323,17.62210726737976,432.0
324,17.663474082946777,432.0
325,17.71372079849243,432.0
326,17.76498532295227,432.0
327,17.81187129020691,432.0
328,17.87560486793518,432.0
329,17.917097568511963,432.0
330,17.966766834259033,432.0
331,18.017192602157593,432.0
332,18.067872762680054,432.0
333,18.118081092834473,432.0
334,18.16962742805481,432.0
335,18.2225284576416,436.0
336,18.27500319480896,448.0
337,18.325011014938354,458.0
338,18.37180495262146,469.0
339,18.421032428741455,471.0
340,18.471505880355835,469.0
341,18.517860174179077,468.0
342,18.56958842277527,474.0
343,18.61997389793396,476.0
344,18.671509742736816,470.0
345,18.71903967857361,466.0
346,18.77157998085022,479.0
347,18.826565504074097,494.0
348,18.872220993041992,492.0
349,18.92326545715332,486.0
350,18.968867778778076,487.0
351,19.02241587638855,503.0
352,19.069483041763306,505.0
353,19.12086057662964,499.0
354,19.172458171844482,495.0
355,19.238335609436035,495.0
356,19.285918474197388,496.0
357,19.342575550079346,500.0
358,19.409603118896484,500.0
359,19.454968214035034,500.0
360,19.50779390335083,519.0
361,19.56109619140625,559.0
362,19.61005926132202,571.0
363,19.69261908531189,566.0
364,19.72978687286377,564.0
365,19.787719249725342,577.0
366,19.836391925811768,574.0
367,19.894956350326538,556.0
368,19.941622734069824,567.0
369,19.99684453010559,592.0
370,20.066108226776123,594.0
371,20.11102318763733,606.0
372,20.16768503189087,645.0
373,20.22193717956543,646.0
374,20.274819374084473,634.0
375,20.345510005950928,645.0
376,20.393211364746094,668.0
377,20.451868057250977,665.0
378,20.502989292144775,648.0
379,20.563915491104126,663.0
380,20.608789205551147,678.0
381,20.657686233520508,672.0
382,20.70801854133606,656.0
383,20.764206409454346,668.0
384,20.820186614990234,694.0
385,20.863844394683838,696.0
386,20.91530418395996,692.0
387,20.96904158592224,709.0
388,21.021313667297363,728.0
389,21.06897521018982,725.0
390,21.121431350708008,718.0
391,21.17325711250305,723.0
392,21.219823360443115,729.0
393,21.27227473258972,721.0
394,21.327494621276855,709.0
395,21.372474193572998,709.0
396,21.429558992385864,715.0
397,21.47316074371338,715.0
398,21.525290727615356,705.0
399,21.578806400299072,705.0
400,21.64879822731018,708.0
401,21.6994469165802,703.0
402,21.741843223571777,696.0
403,21.789052724838257,696.0
404,21.751094818115234,697.0
405,21.845030069351196,704.0
406,21.897700786590576,708.0
407,21.944433450698853,708.0
408,21.991655111312866,708.0
409,22.03978443145752,708.0
410,22.090092420578003,705.0
411,22.138793468475342,703.0
412,22.18973207473755,702.0
413,22.235912322998047,702.0
414,22.282946586608887,702.0
415,22.33513617515564,702.0
416,22.386101007461548,702.0
417,22.44140124320984,702.0
418,22.49144220352173,702.0
419,22.537003993988037,701.0
420,22.58653736114502,700.0
421,22.63731598854065,699.0
422,22.688504457473755,692.0
423,22.742128610610962,691.0
424,22.785860776901245,691.0
425,22.833083152770996,690.0
426,22.880939722061157,690.0
427,22.93981146812439,677.0
428,22.991463899612427,662.0
429,23.03961944580078,662.0
430,23.086504220962524,664.0
431,23.135799646377563,664.0
432,23.19072127342224,648.0
433,23.25048065185547,645.0
434,23.300356149673462,645.0
435,23.35520625114441,644.0
436,23.419074058532715,630.0
437,23.476029872894287,629.0
438,23.528223276138306,628.0
439,23.586318016052246,623.0
440,23.6391921043396,610.0
441,23.687617540359497,606.0
442,23.733064651489258,606.0
443,23.782752752304077,604.0
444,23.85602068901062,593.0
445,23.899887084960938,592.0
446,23.957403659820557,592.0
447,24.01039218902588,592.0
448,24.062779426574707,589.0
449,24.105796337127686,589.0
450,24.15419030189514,589.0
451,24.205875158309937,589.0
452,24.256089210510254,587.0
453,24.30818223953247,587.0
454,24.367632150650024,590.0
455,24.422236442565918,590.0
456,24.478930234909058,589.0
457,24.53197693824768,590.0
458,24.583220958709717,594.0
459,24.631330728530884,588.0
460,24.681999444961548,587.0
461,24.735201358795166,589.0
462,24.78160524368286,593.0
463,24.83834981918335,589.0
464,24.903772115707397,582.0
465,24.946462392807007,586.0
466,24.993892669677734,599.0
467,25.042914628982544,603.0
468,25.11383366584778,605.0
469,25.157586812973022,623.0
470,25.209189414978027,642.0
471,25.26193070411682,654.0
472,25.310112237930298,661.0
473,25.356492519378662,661.0
474,25.409554481506348,667.0
475,25.463045835494995,673.0
476,25.532705307006836,683.0
477,25.590486764907837,683.0
478,25.629456520080566,683.0
479,25.680769681930542,683.0
480,25.73077154159546,689.0
481,25.783005952835083,692.0
482,25.831507205963135,692.0
483,25.87940764427185,692.0
484,25.928800106048584,692.0
485,25.979590892791748,695.0
486,26.02971625328064,705.0
487,26.09002995491028,707.0
488,26.13278865814209,705.0
489,26.182746648788452,703.0
490,26.234647512435913,705.0
491,26.284965753555298,710.0
492,26.330730438232422,710.0
493,26.38085651397705,709.0
494,26.44282555580139,709.0
495,26.48599648475647,709.0
496,26.533665657043457,709.0
497,26.588824033737183,705.0
498,26.636765718460083,698.0
499,26.687072038650513,698.0
500,26.73691177368164,700.0
501,26.783989429473877,700.0
502,26.835828065872192,700.0
503,26.891403436660767,697.0
504,26.938870429992676,696.0
505,26.986729860305786,699.0
506,27.035784482955933,700.0
507,27.098474502563477,699.0
508,27.141019582748413,696.0
509,27.190297842025757,696.0
510,27.23961567878723,698.0
511,27.28664207458496,698.0
512,27.337039947509766,694.0
513,27.385883808135986,694.0
514,27.433172941207886,694.0
515,27.486114740371704,695.0
516,27.534838914871216,694.0
517,27.58868384361267,692.0
518,27.640804529190063,686.0
519,27.687740087509155,679.0
520,27.740132570266724,677.0
521,27.787227153778076,677.0
522,27.836531400680542,677.0
523,27.889573574066162,676.0
524,27.94347643852234,669.0
525,27.98941135406494,664.0
526,28.038668632507324,663.0
527,28.08725094795227,662.0
528,28.14614772796631,653.0
529,28.202394723892212,640.0
530,28.249716997146606,639.0
531,28.294793128967285,639.0
532,28.34320902824402,638.0
533,28.389450073242188,637.0
534,28.43862009048462,636.0
535,28.49272584915161,635.0
536,28.539519548416138,632.0
537,28.598265409469604,618.0
538,28.670069217681885,607.0
539,28.71064257621765,595.0
540,28.760831594467163,589.0
541,28.820033073425293,589.0
542,28.866394996643066,588.0
543,28.922232627868652,576.0
544,28.974083185195923,561.0
545,29.03453516960144,535.0
546,29.083824396133423,517.0
547,29.138885974884033,509.0
548,29.18691849708557,503.0
549,29.247668981552124,494.0
550,29.30133867263794,486.0
551,29.358294248580933,481.0
552,29.398597478866577,478.0
553,29.45563268661499,475.0
554,29.512782335281372,471.0
555,29.579612255096436,466.0
556,29.63463807106018,463.0
557,29.676753520965576,459.0
558,29.735255479812622,454.0
559,29.78132390975952,450.0
560,29.834890127182007,447.0
561,29.900784254074097,445.0
562,29.949537754058838,443.0
563,29.999087810516357,441.0
564,30.04551362991333,440.0
565,30.10090923309326,438.0
566,30.161465644836426,435.0
567,30.205342769622803,434.0
568,30.265124082565308,432.0
569,30.32391929626465,430.0
570,30.370711088180542,429.0
571,30.436062574386597,428.0
572,30.483116388320923,428.0
573,30.543997764587402,427.0
574,30.5910325050354,425.0
575,30.637315034866333,425.0
576,30.697269439697266,424.0
577,30.749109506607056,424.0
578,30.796107053756714,424.0
579,30.853113412857056,424.0
580,30.9060275554657,424.0
581,30.95314335823059,424.0
582,31.00336766242981,424.0
583,31.053553342819214,424.0
584,31.099766492843628,424.0
585,31.15192461013794,424.0
586,31.202069759368896,424.0
587,31.252121925354004,424.0
588,31.30189800262451,424.0
589,31.360323667526245,424.0
590,31.408278942108154,424.0
591,31.457205533981323,424.0
592,31.505014896392822,424.0
593,31.56383776664734,424.0
594,31.611796379089355,426.0
595,31.660351276397705,428.0
596,31.724385976791382,430.0
597,31.7795889377594,431.0
598,31.829384803771973,434.0
599,31.881606817245483,439.0
600,31.934037446975708,449.0
601,31.991259813308716,459.0
602,32.038695096969604,462.0
603,32.08784794807434,463.0
604,32.14186239242554,466.0
605,32.0977840423584,466.0
606,32.19194030761719,467.0
607,32.25069975852966,470.0
608,32.29908108711243,476.0
609,32.35146880149841,482.0
610,32.403921127319336,487.0
611,32.46551847457886,495.0
612,32.524375200271606,504.0
613,32.56862449645996,513.0
614,32.63101935386658,525.0
615,32.6754047870636,536.0
616,32.72609043121338,545.0
617,32.7737512588501,552.0
618,32.8267035484314,562.0
619,32.88457250595093,570.0
620,32.92875051498413,577.0
621,32.98148727416992,584.0
622,33.03404760360718,594.0
623,33.08457922935486,601.0
624,33.13346838951111,606.0
625,33.18803954124451,613.0
626,33.24403977394104,617.0
627,33.290682792663574,621.0
628,33.33983016014099,626.0
629,33.390169858932495,629.0
630,33.43998384475708,632.0
631,33.48987102508545,634.0
632,33.541903495788574,637.0
633,33.6185142993927,642.0
634,33.66723370552063,648.0
635,33.71682810783386,654.0
636,33.78187608718872,665.0
637,33.82365441322327,680.0
638,33.877657890319824,684.0
639,33.92528414726257,685.0
640,33.97358727455139,685.0
641,34.03416299819946,665.0
642,34.09476041793823,613.0
643,34.14813709259033,590.0
644,34.199477434158325,601.0
645,34.256152629852295,630.0
646,34.30328059196472,632.0
647,34.36921548843384,592.0
648,34.41115689277649,583.0
649,34.47448396682739,637.0
650,34.529587745666504,681.0
651,34.573503494262695,681.0
652,34.640427112579346,631.0
653,34.69975519180298,576.0
654,34.755187034606934,589.0
655,34.8276846408844,644.0
656,34.87473511695862,656.0
657,34.9444625377655,615.0
658,34.997498750686646,571.0
659,35.07917881011963,651.0
660,35.11715388298035,696.0
661,35.163068532943726,698.0
662,35.22988295555115,626.0
663,35.28156399726868,550.0
664,35.328269720077515,565.0
665,35.397157430648804,658.0
666,35.4453763961792,689.0
667,35.495524883270264,668.0
668,35.58202314376831,461.0
669,35.63838458061218,458.0
670,35.697163581848145,593.0
671,35.75380277633667,644.0
672,35.816755533218384,665.0
673,35.87759566307068,644.0
674,35.93244671821594,609.0
675,35.98837089538574,549.0
676,36.047102212905884,477.0
677,36.097002267837524,499.0
678,36.15684533119202,623.0
679,36.21570181846619,719.0
680,36.26975440979004,732.0
681,36.337449073791504,674.0
682,36.3893358707428,516.0
683,36.45260500907898,413.0
684,36.49450969696045,404.0
685,36.54732275009155,419.0
686,36.61120820045471,558.0
687,36.66700053215027,628.0
688,36.72784423828125,657.0
689,36.78045868873596,651.0
690,36.838507652282715,546.0
691,36.90920090675354,408.0
692,36.94576025009155,395.0
693,36.99210166931152,395.0
694,37.05602836608887,488.0
695,37.127461194992065,638.0
696,37.16863036155701,660.0
697,37.21849226951599,660.0
698,37.27917718887329,640.0
699,37.34348917007446,556.0
700,37.40501308441162,407.0
701,37.45203161239624,377.0
702,37.498674392700195,375.0
703,37.55874562263489,406.0
704,37.62133193016052,575.0
705,37.674134969711304,655.0
706,37.72835111618042,664.0
707,37.773844480514526,665.0
708,37.83314895629883,641.0
709,37.910024642944336,504.0
710,37.971843242645264,447.0
711,38.01574158668518,430.0
712,38.06118607521057,427.0
713,38.11664867401123,447.0
714,38.193644285202026,529.0
715,38.244566440582275,605.0
716,38.29477787017822,607.0
717,38.36298990249634,539.0
718,38.42512392997742,423.0
719,38.48573064804077,391.0
720,38.52900505065918,400.0
721,38.58642363548279,434.0
722,38.66126465797424,547.0
723,38.702372789382935,556.0
724,38.773391008377075,557.0
725,38.823272943496704,557.0
726,38.89120101928711,499.0
727,38.954100131988525,452.0
728,38.99424958229065,438.0
729,39.04536247253418,444.0
730,39.106903314590454,498.0
731,39.16073203086853,518.0
732,39.2106397151947,497.0
733,39.277812480926514,444.0
734,39.32014584541321,441.0
735,39.381850242614746,449.0
736,39.442630767822266,508.0
737,39.49220299720764,517.0
738,39.55386757850647,454.0
739,39.607749700546265,407.0
740,39.655662298202515,406.0
741,39.725341796875,462.0
742,39.780086040496826,504.0
743,39.826545000076294,505.0
744,39.88402080535889,460.0
745,39.96226716041565,420.0
746,40.01342844963074,424.0
747,40.072258710861206,467.0
748,40.11925530433655,475.0
749,40.19336771965027,404.0
750,40.23357605934143,385.0
751,40.2895987033844,402.0
752,40.35936975479126,457.0
753,40.40041947364807,472.0
754,40.45819401741028,449.0
755,40.517563343048096,406.0
756,40.56158971786499,406.0
757,40.62461757659912,451.0
758,40.68292474746704,493.0
759,40.72523617744446,493.0
760,40.79700040817261,453.0
761,40.84804821014404,436.0
762,40.90381217002869,458.0
763,40.969656467437744,512.0
764,41.03045988082886,515.0
765,41.109269857406616,442.0
766,41.157862186431885,439.0
767,41.21235203742981,514.0
768,41.26766276359558,555.0
769,41.32528781890869,532.0
770,41.38318610191345,458.0
771,41.45370101928711,444.0
772,41.50363850593567,530.0
773,41.558406829833984,590.0
774,41.60784435272217,592.0
775,41.70417642593384,479.0
776,41.74199295043945,448.0
777,41.794540882110596,484.0
778,41.865139961242676,584.0
779,41.912840843200684,601.0
780,41.967458963394165,552.0
781,42.030373334884644,434.0
782,42.105050802230835,410.0
783,42.16592717170715,496.0
784,42.21978402137756,579.0
785,42.27646803855896,601.0
786,42.32064390182495,600.0
787,42.3848557472229,497.0
788,42.43631958961487,419.0
789,42.485843896865845,414.0
790,42.53942275047302,427.0
791,42.60878324508667,486.0
792,42.662288188934326,608.0
793,42.714744329452515,624.0
794,42.77294874191284,604.0
795,42.84207010269165,458.0
796,42.892616271972656,407.0
797,42.94148635864258,409.0
798,43.000428199768066,478.0
799,43.06417369842529,576.0
800,43.120051860809326,620.0
801,43.166478872299194,626.0
802,43.2202033996582,594.0
803,43.29741358757019,440.0
804,43.33857798576355,409.0
805,43.403151988983154,445.0
806,43.35826778411865,456.0
807,43.46897292137146,553.0
808,43.52388620376587,589.0
809,43.56972646713257,592.0
810,43.63975477218628,532.0
811,43.69659614562988,396.0
812,43.7479202747345,376.0
813,43.80658149719238,443.0
814,43.877386808395386,582.0
815,43.926512002944946,626.0
816,43.97432851791382,633.0
817,44.044578075408936,586.0
818,44.113025188446045,420.0
819,44.18383598327637,388.0
820,44.24407720565796,465.0
821,44.311697244644165,570.0
822,44.35757231712341,608.0
823,44.417558670043945,616.0
824,44.48219537734985,571.0
825,44.54298162460327,443.0
826,44.6056170463562,398.0
827,44.64957070350647,399.0
828,44.71429991722107,487.0
829,44.791118144989014,598.0
830,44.845118045806885,621.0
831,44.892070293426514,625.0
832,44.961812019348145,546.0
833,45.01967668533325,406.0
834,45.07393217086792,381.0
835,45.14446997642517,434.0
836,45.2003436088562,574.0
837,45.25422430038452,613.0
838,45.299156188964844,623.0
839,45.35142993927002,624.0
840,45.41284465789795,571.0
841,45.47268056869507,439.0
842,45.52439618110657,409.0
843,45.5838577747345,426.0
844,45.64442729949951,539.0
845,45.70225667953491,600.0
846,45.75183939933777,615.0
847,45.80021905899048,620.0
848,45.86474299430847,599.0
849,45.940534353256226,488.0
850,45.99147987365723,451.0
851,46.032838106155396,450.0
852,46.09089183807373,449.0
853,46.14402103424072,447.0
854,46.19287371635437,446.0
855,46.24212956428528,446.0
856,46.295860290527344,445.0
857,46.34409022331238,444.0
858,46.40730118751526,458.0
859,46.47036385536194,483.0
860,46.51960587501526,494.0
861,46.5708544254303,502.0
862,46.624390602111816,502.0
863,46.673951387405396,500.0
864,46.722920417785645,500.0
865,46.775832414627075,500.0
866,46.82848286628723,500.0
867,46.87840938568115,500.0
868,46.927305459976196,500.0
869,46.983641624450684,500.0
870,47.02905201911926,500.0
871,47.080074071884155,500.0
872,47.13059115409851,500.0
873,47.180584192276,500.0
874,47.25151705741882,501.0
875,47.32671546936035,501.0
876,47.36098551750183,498.0
877,47.42359375953674,487.0
878,47.48444151878357,481.0
879,47.52969837188721,481.0
880,47.583871603012085,481.0
881,47.6312575340271,481.0
882,47.74123787879944,481.0
883,47.760496616363525,481.0
884,47.82248663902283,481.0
885,47.86708736419678,481.0
886,47.91940116882324,481.0
887,47.96687459945679,481.0
888,48.02144503593445,482.0
889,48.08565330505371,488.0
890,48.13197708129883,491.0
891,48.18195104598999,493.0
892,48.235379695892334,493.0
893,48.28539752960205,489.0
894,48.34198880195618,480.0
895,48.41317439079285,480.0
896,48.46033501625061,484.0
897,48.50760769844055,490.0
898,48.561829805374146,485.0
899,48.61734127998352,466.0
900,48.66179442405701,465.0
901,48.717543840408325,477.0
902,48.77222418785095,494.0
903,48.82314610481262,501.0
904,48.8811240196228,483.0
905,48.93037152290344,476.0
906,48.98859238624573,494.0
907,49.04530096054077,512.0
908,49.11104369163513,482.0
909,49.15729236602783,467.0
910,49.2179217338562,491.0
911,49.27754759788513,512.0
912,49.34258556365967,481.0
913,49.38529372215271,467.0
914,49.44684934616089,479.0
915,49.516005754470825,493.0
916,49.57346701622009,469.0
917,49.6173939704895,461.0
918,49.68110728263855,483.0
919,49.733152866363525,512.0
920,49.786779165267944,502.0
921,49.8454647064209,469.0
922,49.910404205322266,484.0
923,49.96646761894226,526.0
924,50.02062726020813,512.0
925,50.09019327163696,466.0
926,50.135767698287964,478.0
927,50.19560265541077,514.0
928,50.258140325546265,494.0
929,50.31299924850464,454.0
930,50.387330770492554,473.0
931,50.45233654975891,521.0
932,50.49661898612976,511.0
933,50.56084132194519,440.0
934,50.609057664871216,435.0
935,50.679481983184814,487.0
936,50.72509980201721,514.0
937,50.773396253585815,516.0
938,50.840043783187866,483.0
939,50.913246393203735,442.0
940,50.961212396621704,456.0
941,51.02389144897461,514.0
942,51.08332276344299,535.0
943,51.1474244594574,524.0
944,51.21584677696228,432.0
945,51.262871503829956,411.0
946,51.315531492233276,426.0
947,51.3967809677124,488.0
948,51.44465494155884,508.0
949,51.50051140785217,507.0
950,51.56135058403015,434.0
951,51.61620807647705,389.0
952,51.66906118392944,413.0
953,51.72790050506592,474.0
954,51.789878845214844,517.0
955,51.83279609680176,525.0
956,51.9053111076355,489.0
957,51.96115279197693,380.0
958,52.01894164085388,351.0
959,52.07830595970154,357.0
960,52.14846992492676,436.0
961,52.19766283035278,482.0
962,52.25071597099304,494.0
963,52.30953001976013,488.0
964,52.37830877304077,397.0
965,52.437084674835205,319.0
966,52.48667645454407,297.0
967,52.55302715301514,316.0
968,52.61249136924744,394.0
969,52.67102932929993,451.0
970,52.715336561203,461.0
971,52.76370310783386,462.0
972,52.81622052192688,461.0
973,52.883753538131714,387.0
974,52.93971586227417,311.0
975,52.991971015930176,296.0
976,53.04926657676697,299.0
977,53.11462140083313,349.0
978,53.175129890441895,437.0
979,53.22373914718628,453.0
980,53.285433769226074,453.0
981,53.33307719230652,443.0
982,53.395200967788696,396.0
983,53.46933960914612,315.0
984,53.53930473327637,290.0
985,53.58922600746155,291.0
986,53.64945983886719,333.0
987,53.706775426864624,382.0
988,53.75418567657471,406.0
989,53.81304717063904,415.0
990,53.86711072921753,416.0
991,53.93422317504883,379.0
992,53.99485111236572,312.0
993,54.04390621185303,300.0
994,54.11061191558838,366.0
995,54.178203105926514,448.0
996,54.223894119262695,464.0
997,54.29659414291382,437.0
998,54.358460664749146,352.0
999,54.40964436531067,323.0
1000,54.47953987121582,343.0
1001,54.54166126251221,450.0
1002,54.591105699539185,487.0
1003,54.656670570373535,487.0
1004,54.727510929107666,401.0
1005,54.78732180595398,338.0
1006,54.82862687110901,332.0
1007,54.79239010810852,332.0
1008,54.912185192108154,361.0
1009,54.96801233291626,457.0
1010,55.01994013786316,475.0
1011,55.07177138328552,473.0
1012,55.14746451377869,388.0
1013,55.198681592941284,340.0
1014,55.24727749824524,338.0
1015,55.30967926979065,409.0
1016,55.38262343406677,486.0
1017,55.42757606506348,499.0
1018,55.484193086624146,487.0
1019,55.546083211898804,386.0
1020,55.60494899749756,346.0
1021,55.65786123275757,370.0
1022,55.72962236404419,442.0
1023,55.78355312347412,476.0
1024,55.836381673812866,498.0
1025,55.89053440093994,500.0
1026,55.963093519210815,441.0
1027,56.01500105857849,370.0
1028,56.06125736236572,367.0
1029,56.12289071083069,409.0
1030,56.20066571235657,485.0
1031,56.246484994888306,504.0
1032,56.30162692070007,513.0
1033,56.366109132766724,492.0
1034,56.42666673660278,416.0
1035,56.47400641441345,391.0
1036,56.527941942214966,394.0
1037,56.61566209793091,454.0
1038,56.676469564437866,481.0
1039,56.73664331436157,478.0
1040,56.79587006568909,434.0
1041,56.84074091911316,424.0
1042,56.9037299156189,432.0
1043,56.963420152664185,482.0
1044,57.028526067733765,494.0
1045,57.080206871032715,493.0
1046,57.14694857597351,461.0
1047,57.19485783576965,452.0
1048,57.25346112251282,469.0
1049,57.302908182144165,484.0
1050,57.35702848434448,482.0
1051,57.407920360565186,472.0
1052,57.46257829666138,472.0
1053,57.51568675041199,479.0
1054,57.566099643707275,479.0
1055,57.62994027137756,479.0
1056,57.678269147872925,481.0
1057,57.72947382926941,481.0
1058,57.78561329841614,481.0
1059,57.832010984420776,481.0
1060,57.88223195075989,481.0
1061,57.93271350860596,481.0
1062,57.98499011993408,481.0
1063,58.03613567352295,481.0
1064,58.08526563644409,481.0
1065,58.172990798950195,481.0
1066,58.20975089073181,481.0
1067,58.2611517906189,481.0
1068,58.32316255569458,481.0
1069,58.36828279495239,481.0
1070,58.420010566711426,481.0
1071,58.47288393974304,481.0
1072,58.52324438095093,481.0
1073,58.574331283569336,481.0
1074,58.627665758132935,481.0
1075,58.68298840522766,481.0
1076,58.73118281364441,481.0
1077,58.78247785568237,481.0
1078,58.83390259742737,481.0
1079,58.88842225074768,481.0
1080,58.93592572212219,481.0
1081,58.98817443847656,481.0
1082,59.03974962234497,481.0
1083,59.09060025215149,481.0
1084,59.143924951553345,481.0
1085,59.19464373588562,480.0
1086,59.249948501586914,480.0
1087,59.30547595024109,481.0
1088,59.353426933288574,483.0
1089,59.40965151786804,485.0
1090,59.465842723846436,496.0
1091,59.521498918533325,511.0
1092,59.57625412940979,525.0
1093,59.63278412818909,537.0
1094,59.698734998703,541.0
1095,59.77594447135925,543.0
1096,59.822468519210815,510.0
1097,59.8806254863739,478.0
1098,59.95434761047363,450.0
1099,60.0064492225647,434.0
1100,60.06032872200012,433.0
1101,60.10723614692688,432.0
1102,60.169511795043945,431.0
1103,60.23251128196716,427.0
1104,60.28976821899414,427.0
1105,60.34288239479065,430.0
1106,60.389869928359985,430.0
1107,60.44278335571289,430.0
1108,60.498255014419556,430.0
1109,60.550721406936646,430.0
1110,60.600011348724365,435.0
1111,60.653218030929565,441.0
1112,60.70993638038635,450.0
1113,60.7616548538208,453.0
1114,60.816065073013306,455.0
1115,60.88300347328186,469.0
1116,60.944348096847534,487.0
1117,61.005192279815674,501.0
1118,61.06650686264038,503.0
1119,61.12235975265503,498.0
1120,61.17354130744934,483.0
1121,61.224737882614136,476.0
1122,61.289517879486084,464.0
1123,61.335869789123535,453.0
1124,61.391356229782104,442.0
1125,61.444090366363525,436.0
1126,61.49282956123352,433.0
1127,61.549410581588745,428.0
1128,61.60194516181946,427.0
1129,61.653087854385376,425.0
1130,61.717073917388916,425.0
1131,61.76400804519653,425.0
1132,61.81759190559387,425.0
1133,61.86875653266907,426.0
1134,61.921610832214355,427.0
1135,61.97340679168701,428.0
1136,62.02393698692322,429.0
1137,62.08077025413513,430.0
1138,62.1331000328064,431.0
1139,62.188278913497925,433.0
1140,62.24486446380615,438.0
1141,62.29714226722717,449.0
1142,62.35740685462952,470.0
1143,62.40947103500366,486.0
1144,62.46165871620178,495.0
1145,62.51247453689575,496.0
1146,62.56720590591431,496.0
1147,62.61589694023132,496.0
1148,62.674644947052,482.0
1149,62.739423513412476,462.0
1150,62.809229612350464,443.0
1151,62.874218225479126,430.0
1152,62.91711640357971,419.0
1153,62.970834732055664,410.0
1154,63.02338218688965,399.0
1155,63.07763338088989,388.0
1156,63.140074491500854,386.0
1157,63.187801361083984,386.0
1158,63.23921179771423,386.0
1159,63.29306483268738,394.0
1160,63.35058093070984,400.0
1161,63.411733627319336,424.0
1162,63.46708011627197,450.0
1163,63.52206039428711,465.0
1164,63.571760416030884,474.0
1165,63.62501311302185,479.0
1166,63.681965589523315,490.0
1167,63.75134563446045,502.0
1168,63.797335147857666,508.0
1169,63.8477737903595,509.0
1170,63.90151834487915,509.0
1171,63.94920229911804,509.0
1172,64.00602006912231,509.0
1173,64.05467414855957,509.0
1174,64.10964298248291,509.0
1175,64.17782139778137,509.0
1176,64.24287295341492,490.0
1177,64.31167840957642,459.0
1178,64.35756158828735,438.0
1179,64.41679501533508,412.0
1180,64.46482467651367,404.0
1181,64.5247483253479,402.0
1182,64.57265162467957,402.0
1183,64.62100744247437,402.0
1184,64.67486429214478,402.0
1185,64.7406816482544,402.0
1186,64.7946469783783,403.0
1187,64.84243893623352,409.0
1188,64.896311044693,413.0
1189,64.94954490661621,413.0
1190,65.00855898857117,413.0
1191,65.05489993095398,413.0
1192,65.10627150535583,413.0
1193,65.16115689277649,413.0
1194,65.21443486213684,413.0
1195,65.26728367805481,413.0
1196,65.34190511703491,533.0
1197,65.40574550628662,655.0
1198,65.46139717102051,690.0
1199,65.50970220565796,692.0
1200,65.56989002227783,692.0
1201,65.62487006187439,692.0
1202,65.66885733604431,692.0
1203,65.72493815422058,692.0
1204,65.79987049102783,692.0
1205,65.85163688659668,692.0
1206,65.97330641746521,692.0
1207,66.00692558288574,633.0
1208,65.97170639038086,618.0
1209,66.07768177986145,571.0
1210,66.12620425224304,564.0
1211,66.19899678230286,574.0
1212,66.26526498794556,637.0
1213,66.31238842010498,662.0
1214,66.3624095916748,662.0
1215,66.43703579902649,624.0
1216,66.48651885986328,609.0
1217,66.53605151176453,612.0
1218,66.59465789794922,642.0
1219,66.65027379989624,651.0
1220,66.70058870315552,651.0
1221,66.74959301948547,651.0
1222,66.81098294258118,651.0
1223,66.85911870002747,651.0
1224,66.90953040122986,651.0
1225,66.96521091461182,651.0
1226,67.02136850357056,651.0
1227,67.0694727897644,651.0
1228,67.12088942527771,651.0
1229,67.17318749427795,651.0
1230,67.23852515220642,651.0
1231,67.28824591636658,651.0
1232,67.34042525291443,651.0
1233,67.38941502571106,651.0
1234,67.44424843788147,651.0
1235,67.49538373947144,651.0
1236,67.551753282547,651.0
1237,67.60006403923035,651.0
1238,67.64882230758667,651.0
1239,67.70129346847534,651.0
1240,67.7506217956543,651.0
1241,67.80289959907532,651.0
1242,67.85600399971008,651.0
1243,67.90607523918152,651.0
1244,67.96010637283325,651.0
1245,68.01412463188171,651.0
1246,68.06385684013367,651.0
1247,68.11855864524841,651.0
1248,68.16819524765015,651.0
1249,68.21984362602234,651.0
1250,68.27252101898193,651.0
1251,68.32253551483154,651.0
1252,68.37572646141052,651.0
1253,68.42769980430603,651.0
1254,68.49200248718262,651.0
1255,68.53600430488586,651.0
1256,68.59099674224854,651.0
1257,68.65620708465576,651.0
1258,68.7012882232666,651.0
1259,68.75199580192566,651.0
1260,68.8032500743866,651.0
1261,68.86337518692017,651.0
1262,68.91049718856812,651.0
1263,68.98275017738342,651.0
1264,69.04274702072144,651.0
1265,69.08417701721191,651.0
1266,69.13553738594055,651.0
1267,69.19761204719543,651.0
1268,69.24596881866455,651.0
1269,69.2997043132782,651.0
1270,69.35250854492188,651.0
1271,69.401926279068,651.0
1272,69.4551568031311,651.0
1273,69.50912237167358,651.0
1274,69.56179618835449,651.0
1275,69.61130452156067,651.0
1276,69.6651885509491,651.0
1277,69.72153735160828,651.0
1278,69.76804304122925,651.0
1279,69.81985402107239,651.0
1280,69.87599468231201,651.0
1281,69.93455123901367,651.0
1282,69.98081278800964,651.0
1283,70.04983592033386,651.0
1284,70.08981370925903,651.0
1285,70.14210748672485,651.0
1286,70.19536566734314,651.0
1287,70.24895429611206,651.0
1288,70.30204844474792,651.0
1289,70.35510396957397,651.0
1290,70.40447688102722,651.0
1291,70.45951509475708,651.0
1292,70.52651238441467,651.0
1293,70.57093405723572,651.0
1294,70.62103772163391,651.0
1295,70.67392945289612,651.0
1296,70.74654531478882,651.0
1297,70.78832268714905,651.0
1298,70.84247994422913,651.0
1299,70.9016182422638,651.0
1300,70.95201253890991,651.0
1301,71.00070118904114,651.0
1302,71.06411123275757,651.0
1303,71.11122822761536,651.0
1304,71.16585683822632,651.0
1305,71.21340322494507,651.0
1306,71.26895523071289,651.0
1307,71.32056713104248,651.0
1308,71.3725917339325,651.0
1309,71.4209578037262,651.0
1310,71.47446250915527,651.0
1311,71.52887654304504,651.0
1312,71.58199167251587,651.0
1313,71.6331901550293,651.0
1314,71.68505382537842,651.0
1315,71.73676657676697,651.0
1316,71.79152083396912,651.0
1317,71.8403308391571,651.0
1318,71.89957761764526,651.0
1319,71.94882702827454,651.0
1320,72.0028464794159,651.0
1321,72.06748819351196,651.0
1322,72.13273668289185,651.0
1323,72.1808180809021,651.0
1324,72.2397289276123,651.0
1325,72.29551863670349,651.0
1326,72.34157371520996,651.0
1327,72.39289140701294,651.0
1328,72.44794774055481,651.0
1329,72.4991250038147,651.0
1330,72.55307912826538,651.0
1331,72.6028892993927,651.0
1332,72.65379047393799,651.0
1333,72.70708012580872,651.0
1334,72.76058769226074,651.0
1335,72.81172513961792,651.0
1336,72.8737645149231,651.0
1337,72.92688941955566,651.0
1338,72.97465348243713,651.0
1339,73.02926635742188,651.0
1340,73.09030818939209,651.0
1341,73.14931154251099,651.0
1342,73.19434428215027,651.0
1343,73.24714517593384,651.0
1344,73.30101490020752,651.0
1345,73.35769462585449,651.0
1346,73.40466141700745,651.0
1347,73.46566867828369,651.0
1348,73.51386976242065,651.0
1349,73.57150745391846,651.0
1350,73.61645102500916,651.0
1351,73.66911387443542,651.0
1352,73.72018361091614,651.0
1353,73.77152585983276,651.0
1354,73.82285165786743,651.0
1355,73.87621450424194,651.0
1356,73.92979192733765,651.0
1357,73.98085904121399,651.0
1358,74.0317816734314,651.0
1359,74.08620810508728,651.0
1360,74.13565111160278,651.0
1361,74.19157838821411,651.0
1362,74.24239230155945,651.0
1363,74.30444312095642,651.0
1364,74.3516058921814,651.0
1365,74.40361189842224,651.0
1366,74.45386481285095,651.0
1367,74.50701689720154,651.0
1368,74.55910634994507,651.0
1369,74.61116123199463,651.0
1370,74.66287136077881,651.0
1371,74.71815037727356,651.0
1372,74.77857089042664,651.0
1373,74.83546614646912,651.0
1374,74.89459300041199,651.0
1375,74.95262718200684,651.0
1376,74.99675226211548,651.0
1377,75.06144762039185,651.0
1378,75.12130165100098,651.0
1379,75.2059977054596,651.0
1380,75.24468684196472,651.0
1381,75.3119785785675,651.0
1382,75.35282111167908,651.0
1383,75.40416288375854,651.0
1384,75.45695781707764,651.0
1385,75.50736665725708,651.0
1386,75.55997157096863,651.0
1387,75.61970019340515,651.0
1388,75.66466212272644,651.0
1389,75.72033309936523,651.0
1390,75.77272272109985,651.0
1391,75.82260966300964,651.0
1392,75.87378931045532,651.0
1393,75.92692804336548,651.0
1394,75.97912645339966,651.0
1395,76.03092050552368,651.0
1396,76.08501243591309,651.0
1397,76.13596725463867,651.0
1398,76.18633532524109,651.0
1399,76.24146556854248,651.0
1400,76.29081296920776,651.0
1401,76.34389042854309,651.0
1402,76.39613771438599,651.0
1403,76.44826126098633,651.0
1404,76.50286841392517,651.0
1405,76.55251789093018,651.0
1406,76.60348916053772,651.0
1407,76.65665245056152,651.0
1408,76.70670056343079,651.0
1409,76.66157364845276,651.0
1410,76.76828527450562,651.0
1411,76.81587195396423,651.0
1412,76.86927080154419,651.0
1413,76.91881704330444,651.0
1414,76.97027444839478,651.0
1415,77.02155637741089,651.0
1416,77.0747582912445,651.0
1417,77.12320613861084,651.0
1418,77.17527174949646,651.0
1419,77.22824907302856,651.0
1420,77.28443169593811,651.0
1421,77.33534812927246,651.0
1422,77.38686323165894,651.0
1423,77.4471435546875,651.0
1424,77.49740886688232,651.0
1425,77.55058097839355,651.0
1426,77.60563015937805,651.0
1427,77.65788197517395,651.0
1428,77.70688343048096,651.0
1429,77.75819635391235,651.0
1430,77.80924797058105,651.0
1431,77.86465311050415,651.0
1432,77.92524313926697,651.0
1433,77.97266030311584,651.0
1434,78.02080035209656,651.0
1435,78.07302570343018,651.0
1436,78.12643814086914,651.0
1437,78.17638659477234,651.0
1438,78.23305296897888,651.0
1439,78.29301118850708,651.0
1440,78.35134720802307,651.0
1441,78.39609789848328,651.0
1442,78.45108127593994,651.0
1443,78.50047779083252,651.0
1444,78.55305671691895,651.0
1445,78.60361289978027,651.0
1446,78.65700674057007,651.0
1447,78.70708298683167,651.0
1448,78.76006984710693,651.0
1449,78.81037259101868,651.0
1450,78.86377000808716,651.0
1451,78.93985986709595,651.0
1452,78.98386693000793,651.0
1453,79.03405523300171,651.0
1454,79.09023356437683,651.0
1455,79.13900661468506,651.0
1456,79.18990349769592,651.0
1457,79.24053144454956,651.0
1458,79.30096888542175,651.0
1459,79.37017607688904,651.0
1460,79.40991544723511,651.0
1461,79.46485710144043,651.0
1462,79.53981423377991,651.0
1463,79.5975091457367,651.0
1464,79.64092516899109,651.0
1465,79.6948754787445,651.0
1466,79.77340078353882,651.0
1467,79.81573748588562,651.0
1468,79.87753987312317,651.0
1469,79.93961882591248,651.0
1470,79.98403739929199,651.0
1471,80.04411554336548,651.0
1472,80.09213614463806,651.0
1473,80.14502477645874,651.0
1474,80.19493412971497,651.0
1475,80.25608801841736,651.0
1476,80.30069422721863,651.0
1477,80.35654401779175,651.0
1478,80.40559601783752,651.0
1479,80.45677614212036,651.0
1480,80.50663375854492,651.0
1481,80.55855393409729,651.0
1482,80.61151552200317,651.0
1483,80.67714810371399,651.0
1484,80.7200870513916,651.0
1485,80.77344489097595,651.0
1486,80.82556366920471,651.0
1487,80.87834525108337,651.0
1488,80.93485760688782,651.0
1489,80.98478960990906,651.0
1490,81.03441143035889,651.0
1491,81.08777976036072,651.0
1492,81.14784955978394,651.0
1493,81.19875240325928,651.0
1494,81.24957585334778,651.0
1495,81.30511713027954,651.0
1496,81.37091302871704,651.0
1497,81.42897772789001,651.0
1498,81.47627019882202,651.0
1499,81.52532839775085,651.0
1500,81.57834792137146,651.0
1501,81.63611388206482,651.0
1502,81.68864059448242,651.0
1503,81.73670363426208,651.0
1504,81.79003667831421,651.0
1505,81.84035325050354,651.0
1506,81.89712595939636,651.0
1507,81.9572582244873,651.0
1508,82.01438164710999,651.0
1509,82.05954575538635,651.0
1510,82.11458587646484,651.0
1511,82.16788387298584,651.0
1512,82.2191710472107,651.0
1513,82.26910328865051,651.0
1514,82.32226181030273,651.0
1515,82.37630939483643,651.0
1516,82.42905855178833,651.0
1517,82.48057126998901,651.0
1518,82.53486466407776,651.0
1519,82.58537220954895,651.0
1520,82.63725256919861,651.0
1521,82.68617677688599,651.0
1522,82.73872208595276,651.0
1523,82.79741477966309,651.0
1524,82.84761667251587,651.0
1525,82.90191388130188,651.0
1526,82.95251274108887,651.0
1527,83.00409889221191,651.0
1528,83.05467081069946,651.0
1529,83.10567736625671,651.0
1530,83.16237664222717,651.0
1531,83.22266435623169,651.0
1532,83.26991391181946,651.0
1533,83.34963464736938,651.0
1534,83.38562488555908,651.0
1535,83.43749380111694,651.0
1536,83.48866677284241,651.0
1537,83.53973889350891,651.0
1538,83.59297275543213,651.0
1539,83.64529609680176,651.0
1540,83.69958114624023,651.0
1541,83.75049781799316,651.0
1542,83.80854058265686,651.0
1543,83.85589480400085,651.0
1544,83.90723586082458,651.0
1545,83.95621919631958,651.0
1546,84.00864458084106,651.0
1547,84.06174278259277,651.0
1548,84.11387777328491,651.0
1549,84.1682779788971,651.0
1550,84.22099995613098,651.0
1551,84.2761390209198,651.0
1552,84.32624816894531,651.0
1553,84.39384984970093,651.0
1554,84.46963953971863,651.0
1555,84.50733876228333,651.0
1556,84.56664180755615,651.0
1557,84.61687755584717,651.0
1558,84.6681010723114,651.0
1559,84.72000479698181,651.0
1560,84.7741277217865,651.0
1561,84.82548832893372,651.0
1562,84.87805008888245,651.0
1563,84.92982363700867,651.0
1564,84.98402619361877,651.0
1565,85.03514552116394,651.0
1566,85.08874034881592,651.0
1567,85.15815997123718,651.0
1568,85.19984292984009,651.0
1569,85.25472784042358,651.0
1570,85.30204463005066,651.0
1571,85.3541431427002,651.0
1572,85.4071798324585,651.0
1573,85.45744037628174,651.0
1574,85.50866413116455,651.0
1575,85.56207084655762,651.0
1576,85.614102602005,651.0
1577,85.66829824447632,651.0
1578,85.72002625465393,651.0
1579,85.77003741264343,651.0
1580,85.82463264465332,651.0
1581,85.87798166275024,651.0
1582,85.9367938041687,651.0
1583,86.00120043754578,651.0
1584,86.05110192298889,651.0
1585,86.12372589111328,651.0
1586,86.16023588180542,651.0
1587,86.21250820159912,651.0
1588,86.26748371124268,651.0
1589,86.31947350502014,651.0
1590,86.3688063621521,651.0
1591,86.42107582092285,651.0
1592,86.47206854820251,651.0
1593,86.5230507850647,651.0
1594,86.57409381866455,651.0
1595,86.62959814071655,651.0
1596,86.68064260482788,651.0
1597,86.73286771774292,651.0
1598,86.78515839576721,651.0
1599,86.8367247581482,651.0
1600,86.89589333534241,651.0
1601,86.9444465637207,651.0
1602,87.00447630882263,651.0
1603,87.0529854297638,651.0
1604,87.10639595985413,651.0
1605,87.15839433670044,651.0
1606,87.20851707458496,651.0
1607,87.26760864257812,651.0
1608,87.3127384185791,651.0
1609,87.36725282669067,651.0
1610,87.3225929737091,651.0
1611,87.42062258720398,651.0
1612,87.47939491271973,651.0
1613,87.56823062896729,614.0
1614,87.60752749443054,596.0
1615,87.65390372276306,596.0
1616,87.70772099494934,596.0
1617,87.7575581073761,596.0
1618,87.80885076522827,596.0
1619,87.86476922035217,596.0
1620,87.9407434463501,631.0
1621,87.98192596435547,634.0
1622,88.0408034324646,633.0
1623,88.1047534942627,613.0
1624,88.16572070121765,607.0
1625,88.22854948043823,607.0
1626,88.27082443237305,607.0
1627,88.32119011878967,607.0
1628,88.37447237968445,607.0
1629,88.43860578536987,607.0
1630,88.4849317073822,607.0
1631,88.53693270683289,607.0
1632,88.58677363395691,607.0
1633,88.6363878250122,607.0
1634,88.68840146064758,607.0
1635,88.74004793167114,607.0
1636,88.7910168170929,607.0
1637,88.84223341941833,607.0
1638,88.89527535438538,607.0
1639,88.9513144493103,607.0
1640,89.00434708595276,607.0
1641,89.05515694618225,607.0
1642,89.1052782535553,607.0
1643,89.16032338142395,607.0
1644,89.21158957481384,607.0
1645,89.26956605911255,607.0
1646,89.31871938705444,607.0
1647,89.37402057647705,607.0
1648,89.43504595756531,607.0
1649,89.48407697677612,607.0
1650,89.5353991985321,607.0
1651,89.5955319404602,607.0
1652,89.64750337600708,607.0
1653,89.69837546348572,607.0
1654,89.75017499923706,607.0
1655,89.80225419998169,607.0
1656,89.85422825813293,607.0
1657,89.9045660495758,607.0
1658,89.96512985229492,605.0
1659,90.02241468429565,600.0
1660,90.08810639381409,590.0
1661,90.155100107193,581.0
1662,90.19792199134827,581.0
1663,90.2589213848114,581.0
1664,90.3178288936615,581.0
1665,90.3641254901886,581.0
1666,90.4203519821167,581.0
1667,90.4721622467041,581.0
1668,90.52472615242004,581.0
1669,90.58171200752258,581.0
1670,90.67237091064453,581.0
1671,90.70975995063782,581.0
1672,90.75909471511841,584.0
1673,90.81209588050842,585.0
1674,90.88766956329346,585.0
1675,90.92875504493713,585.0
1676,90.98234844207764,585.0
1677,91.03164505958557,585.0
1678,91.08556032180786,585.0
1679,91.14423632621765,585.0
1680,91.22254610061646,585.0
1681,91.26988387107849,585.0
1682,91.3191556930542,585.0
1683,91.3699324131012,585.0
1684,91.42237448692322,585.0
1685,91.47455191612244,585.0
1686,91.52508926391602,585.0
1687,91.5778911113739,585.0
1688,91.62801694869995,585.0
1689,91.68312907218933,585.0
1690,91.73232913017273,585.0
1691,91.78762006759644,585.0
1692,91.83994770050049,585.0
1693,91.88946890830994,585.0
1694,91.94074773788452,585.0
1695,91.9932758808136,585.0
1696,92.04179549217224,585.0
1697,92.09392523765564,585.0
1698,92.144944190979,585.0
1699,92.22352600097656,602.0
1700,92.29432320594788,628.0
1701,92.35267519950867,669.0
1702,92.4113359451294,713.0
1703,92.47605419158936,758.0
1704,92.52585673332214,780.0
1705,92.57368659973145,783.0
1706,92.62735986709595,783.0
1707,92.68435764312744,774.0
1708,92.7431252002716,758.0
1709,92.80498480796814,718.0
1710,92.87608623504639,665.0
1711,92.93520617485046,580.0
1712,92.99071502685547,514.0
1713,93.05554032325745,471.0
1714,93.11342310905457,436.0
1715,93.1693115234375,409.0
1716,93.2276554107666,406.0
1717,93.28236889839172,405.0
1718,93.33235263824463,405.0
1719,93.39088010787964,409.0
1720,93.45128440856934,439.0
1721,93.52511858940125,493.0
1722,93.57686257362366,525.0
1723,93.65301656723022,553.0
1724,93.71915316581726,558.0
1725,93.77001142501831,548.0
1726,93.83683514595032,499.0
1727,93.8917064666748,466.0
1728,93.9525237083435,451.0
1729,93.99877786636353,451.0
1730,94.06749200820923,451.0
1731,94.10856294631958,451.0
1732,94.16828989982605,457.0
1733,94.22668695449829,465.0
1734,94.29142785072327,475.0
1735,94.34267997741699,478.0
1736,94.3959789276123,479.0
1737,94.44895100593567,479.0
1738,94.49941754341125,479.0
1739,94.55709075927734,478.0
1740,94.61793041229248,460.0
1741,94.69977951049805,441.0
1742,94.74383449554443,434.0
1743,94.79440307617188,434.0
1744,94.8489294052124,437.0
1745,94.91411209106445,456.0
1746,94.96621656417847,471.0
1747,95.02406668663025,480.0
1748,95.08214545249939,491.0
1749,95.12865447998047,498.0
1750,95.20408725738525,510.0
1751,95.25606083869934,527.0
1752,95.31120324134827,547.0
1753,95.37156772613525,565.0
1754,95.42553496360779,575.0
1755,95.47382020950317,577.0
1756,95.53136849403381,567.0
1757,95.58831334114075,539.0
1758,95.64752101898193,522.0
1759,95.70770645141602,512.0
1760,95.75866413116455,503.0
1761,95.81090140342712,501.0
1762,95.86706781387329,512.0
1763,95.92196655273438,521.0
1764,95.97348666191101,523.0
1765,96.02636885643005,523.0
1766,96.09499144554138,519.0
1767,96.14415335655212,517.0
1768,96.19110012054443,516.0
1769,96.24786853790283,515.0
1770,96.29833507537842,515.0
1771,96.35225582122803,515.0
1772,96.40628552436829,517.0
1773,96.45970726013184,517.0
1774,96.51581311225891,522.0
1775,96.57898283004761,527.0
1776,96.62409472465515,527.0
1777,96.68656349182129,527.0
1778,96.73378992080688,527.0
1779,96.80691742897034,527.0
1780,96.85890913009644,527.0
1781,96.90777826309204,527.0
1782,96.95880246162415,527.0
1783,97.00907588005066,527.0
1784,97.06767892837524,527.0
1785,97.1568374633789,518.0
1786,97.19653153419495,518.0
1787,97.25896763801575,545.0
1788,97.31440448760986,569.0
1789,97.36489057540894,579.0
1790,97.41744637489319,580.0
1791,97.46640539169312,581.0
1792,97.5251817703247,576.0
1793,97.5818133354187,551.0
1794,97.65498375892639,508.0
1795,97.70912480354309,465.0
1796,97.76064109802246,440.0
1797,97.81831383705139,415.0
1798,97.87355422973633,388.0
1799,97.92814445495605,378.0
1800,97.97832179069519,378.0
1801,98.03549408912659,388.0
1802,98.09692311286926,79.0
1803,98.1759238243103,126.0
1804,98.22933983802795,150.0
1805,98.29883813858032,177.0
1806,98.36484670639038,187.0
1807,98.41088104248047,187.0
1808,98.46010708808899,187.0
1809,98.52845478057861,187.0
1810,98.57593989372253,187.0
1811,98.52798819541931,187.0
1812,98.62915396690369,187.0
1813,98.68913626670837,187.0
1814,98.75105714797974,187.0
1815,98.80881524085999,187.0
1816,98.85680842399597,187.0
1817,98.91484642028809,187.0
1818,98.9830436706543,486.0
1819,99.03275179862976,489.0
1820,99.08270955085754,490.0
1821,99.141597032547,490.0
1822,99.21416282653809,490.0
1823,99.2597131729126,489.0
1824,99.31462049484253,488.0
1825,99.38459181785583,488.0
1826,99.43942451477051,494.0
1827,99.49713683128357,497.0
1828,99.54524803161621,503.0
1829,99.59747219085693,509.0
1830,99.6541497707367,520.0
1831,99.71929335594177,528.0
1832,99.7651858329773,534.0
1833,99.82496070861816,539.0
1834,99.87631821632385,539.0
1835,99.95078086853027,539.0
1836,100.00281977653503,539.0
1837,100.05278396606445,539.0
1838,100.11055731773376,540.0
